fingerprint_size,fpp1,theoretical
1,0.03141,0.01934
2,0.00013,0.0001
3,0,0
4,0,0
5,0,0
